{
    "0": 0.136835328,
    "1": 0.273670656,
    "2": 0.410505984,
    "3": 0.547341312,
    "4": 0.68417664,
    "5": 0.821011968,
    "6": 0.9578472960000001,
    "7": 1.094682624,
    "8": 1.231517952,
    "9": {
        "dateTime": 1602312196399
    },
    "10": {
        "rate": 0.0136835328
    },
    "11": {
        "max": 1.231517952
    },
    "12": {
        "min": 0.136835328
    },
    "13": {
        "sum": 6.1575897600000005
    },
    "14": {
        "average": 0.68417664
    }
}